Symbol,Company Name,Price Performance (52 Weeks),Total Return (1 Yr Annualized),Beta (1 Year Annualized),Standard Deviation (1 Yr Annualized)
ABCB,Ameris Bancorp,20.20245,21.67428,1.13774,0.32654
ACNB,ACNB ,15.53073,19.31016,1.321868,0.37699
ADKT,Adirondack Trust ,0.0,0.0,0.0,0.0
ALBY,mmunity Capital Bancshares ,16.18947,20.96438,0.0,0.0
BCTF,Bancorp 34 ,46.86391,46.86391,0.296373,0.25296
AMBZ,American Business Bank/CA,21.69528,117.28105,-0.543463,0.20983
HTH,Hilltop Holdings ,-2.44216,-0.29771,0.763401,0.25947
AROW,Arrow Financial ,7.77096,12.26864,1.019308,0.33152
ASB,Associated Banc-,4.27833,8.27182,1.232906,0.30823
ASRV,AmeriServ Financial ,4.72103,9.72346,0.369671,0.39305
ATLO,Ames National ,-10.22438,-5.76492,0.843633,0.2627
AUBN,Auburn National Bancorporation ,15.74513,21.84517,0.395361,0.3009
BANF,BancFirst ,27.83866,30.07981,0.900156,0.32677
BANR,Banner ,35.19268,39.80722,1.109512,0.33743
TFC,Truist Financial ,6.90644,12.13196,1.00195,0.25395
BCBP,BCB Bancorp ,-3.90244,1.72548,0.935665,0.35011
BHB,Bar Harbor Bankshares,16.34803,21.00027,1.031207,0.35557
BHLB,Berkshire Hills Bancorp ,17.25843,20.47305,0.82124,0.30159
BHRB,Burke & Herbert Financial Services ,2.09663,5.80505,0.802661,0.37887
BKSC,Bank of South Carolina ,8.8,15.27924,-0.173416,0.21784
BMRC,Bank of Marin Bancorp,33.61806,40.26804,1.007299,0.40055
BNCC,BNCCORP ,38.22894,53.826,0.533327,0.29452
BOH,Bank of Hawaii ,12.41176,17.09118,0.51607,0.26818
BOTJ,Bank of the James Financial Group ,44.6184,49.18737,0.515177,0.34292
BOKF,BOK Financial ,13.21107,15.66676,0.997616,0.2687
BPOP,Popular ,4.24485,7.22134,1.015409,0.27249
BRBS,Blue Ridge Bankshares ,11.88811,11.88811,1.227651,0.36672
BRKL,Brookline Bancorp ,12.16495,17.97384,0.613562,0.29227
BSRR,Sierra Bancorp,43.44008,48.65947,1.238636,0.37685
BUSE,First Busey ,-8.13458,-4.42729,0.957627,0.29908
BVFL,BV Financial ,46.77575,46.77575,0.371492,0.17972
CADE,Cadence Bank,5.8844,9.46821,1.291018,0.30672
BYFC,Broadway Financial ,20.86207,20.86207,1.171098,0.42579
CAC,Camden National ,25.36616,31.1788,1.065574,0.31191
CASH,Pathward Financial ,47.50599,47.94523,1.059183,0.303
CATY,Cathay General Bancorp,16.01192,19.63742,0.897053,0.29017
CBAN,lony Bankcorp ,45.56054,50.33643,1.419461,0.34469
CBKM,nsumers Bancorp ,22.8017,27.90779,0.021127,0.14466
CBSH,mmerce Bancshares ,24.46594,32.66965,0.700704,0.23967
CBU,mmunity Financial System ,20.36841,24.4409,0.994223,0.35206
CCBG,Capital City Bank Group,29.90214,33.4555,0.68344,0.29129
CCFN,Muncy lumbia Financial ,35.48387,42.32236,0.384472,0.3096
CCNE,CNB Financial /PA,11.1996,14.57509,1.164566,0.33958
CFFI,C&F Financial ,36.17803,40.20207,0.989335,0.441
CFFN,Capitol Federal Financial ,-2.25694,3.51343,0.833381,0.30654
CFR,Cullen/Frost Bankers ,10.47602,13.95698,0.797611,0.28068
CHBH,Croghan Bancshares ,1.21413,6.33832,0.0,0.0
CHCO,City Holding ,13.7764,16.85346,0.67628,0.22908
CHMG,Chemung Financial ,12.29371,15.28912,0.404484,0.29592
CIZN,Citizens Holding ,3.18471,9.13077,0.080375,0.28758
CMTV,mmunity Bancorp/VT,6.64251,12.87636,-0.239594,0.20588
CBFV,CB Financial Services ,30.53645,35.57479,0.700203,0.27101
CNAF,mmercial National Financial ,-28.64424,-22.46216,0.014162,0.29661
CNOB,nnectOne Bancorp ,27.08661,31.02649,1.004366,0.40752
CNBW,CNB ,0.0,0.0,0.0,0.0
CNND,Canandaigua National ,0.0,0.0,0.0,0.0
CNUN,mmunity Bancshares /OH,0.0,0.0,0.0,0.0
CARV,Carver Bancorp ,-7.41935,-7.41935,-0.157901,0.58796
COFS,ChoiceOne Financial Services ,5.89552,9.81893,0.795499,0.35985
COLB,lumbia Banking System ,31.16057,38.98639,0.953723,0.35901
CPF,Central Pacific Financial .,39.26729,44.82301,1.007629,0.2943
CPKF,Chesapeake Financial Shares ,11.29944,15.1532,0.256799,0.18016
SMBK,SmartFinancial ,51.39501,53.06888,1.17194,0.32023
CTBI,mmunity Trust Bancorp ,21.59309,26.30966,0.906189,0.29126
CVBF,CVB Financial ,5.79461,10.47149,1.142103,0.31885
CWBC,mmunity West Bancshares,-7.43719,-5.08434,0.578193,0.29391
CWBK,CW Bancorp,13.23333,16.39367,0.0,0.0
CYSM,mmunity Bancorp Santa Maria,18.96226,21.81919,0.0,0.0
CZFS,Citizens Financial Services ,20.87298,26.59419,1.862508,0.57142
CZNB,Citizens Bancorp/CA,0.0,0.0,0.0,0.0
CZNC,Citizens & Northern ,10.15453,16.51776,1.174517,0.34185
CZWI,Citizens mmunity Bancorp ,19.19606,21.89484,0.49309,0.22068
DBIN,Dacotah Banks ,1.21212,3.0639,0.0,0.0
DCOM,Dime mmunity Bancshares ,50.56482,56.61714,1.247106,0.37807
EBMT,Eagle Bancorp Montana ,31.22066,36.3198,0.856259,0.25756
EBTC,Enterprise Bancorp /MA,53.7762,58.50607,1.215276,0.39072
EFSI,Eagle Financial Services ,10.58505,14.78972,0.064954,0.17629
EGBN,Eagle Bancorp ,-7.87159,-2.79177,0.979027,0.41631
ENBP,ENB Financial ,10.18213,14.81874,-0.229182,0.28054
EVBN,Evans Bancorp ,31.75468,36.23522,1.151834,0.27459
EWBC,East West Bancorp ,13.72901,16.64162,0.969638,0.29245
HWBK,Hawthorn Bancshares ,32.53817,36.61156,0.359803,0.34303
FBAK,First National Bank Alaska,17.78726,26.93365,0.241907,0.14164
FBIP,FNB Bancorp ,0.0,0.0,0.0,0.0
FBNC,First Bancorp/NC,13.63122,16.24532,0.968226,0.31906
FBP,First Ban (Puerto Rico),10.86077,14.57742,0.929273,0.27904
FBPA,Farmers Bank of Appomattox (The),3.5158,8.0363,0.0,0.0
FBSI,First Bancshares ,-7.40741,-7.40741,0.0,0.0
FBTT,First Bankers Trustshares ,-4.95677,0.34011,0.0,0.0
FCAP,First Capital ,34.3058,39.05869,-0.370167,0.30964
FCBC,First mmunity Bancshares ,13.56086,22.43708,1.070702,0.33273
FCCO,First mmunity ,30.11002,33.72228,0.992992,0.37447
FCF,First mmonwealth Financial .,14.00293,17.66619,0.85678,0.313
CIVB,Civista Bancshares ,31.85484,36.80924,0.932662,0.38346
FDBC,Fidelity D & D Bancorp ,-8.9111,-5.95612,0.836197,0.37817
FDVA,Freedom Financial Holdings ,0.99085,0.99085,0.310484,0.12858
FFBC,First Financial Bancorp.,13.33333,17.49735,0.882707,0.3205
FFIC,Flushing Financial ,0.71656,7.18113,1.266286,0.43053
FFIN,First Financial Bankshares ,10.63236,12.96651,0.965722,0.34579
FGFH,Foresight Financial Group ,12.58741,15.26284,-0.005144,0.09647
FGBI,First Guaranty Bancshares ,-24.70703,-22.6152,0.658174,0.45246
FHN,First Horizon ,27.94118,32.53756,1.264703,0.33904
FISI,Financial Institutions ,35.7377,42.88815,1.193662,0.37607
INBK,First Internet Bancorp,-20.11256,-19.46556,1.369652,0.43089
FIZN,First Citizens Bancshares ,0.0,0.0,0.0,0.0
FLIC,First of Long Island  (The),14.51163,22.92017,0.843317,0.346
FMAO,Farmers & Merchants Bancorp ,11.39654,14.29115,1.351491,0.40799
FMBH,First Mid Bancshares ,9.24238,12.03381,0.855483,0.27736
FMBL,Farmers & Merchants Bank/CA,19.58333,22.46262,0.131434,0.18112
FMBM,F & M Bank ,11.43194,17.46744,-0.054742,0.2729
FMCB,Farmers & Merchants Bancorp,4.64811,6.51351,0.223924,0.14783
FMNB,Farmers National Banc /OH,-0.15175,4.85618,0.959039,0.33641
FMOO,F & M Bancorp (Ohio),5.80645,8.6335,0.0,0.0
FNB,F.N.B. ,-2.89436,0.27404,1.183853,0.29724
FNLC,First Bancorp /ME (The),1.96802,7.86706,0.910786,0.34291
FNRN,First Northern mmunity Bancorp,18.37209,18.37209,-0.230257,0.11908
BANC,Banc of California ,-3.01783,-0.26841,1.158673,0.29229
FRAF,Franklin Financial Services ,36.27565,41.61239,-0.191881,0.33461
FRBKQ,Republic First Bancorp ,-94.33962,-94.33962,-3.793273,4.20103
FRME,First Merchants ,17.72115,22.08959,0.946987,0.3406
FSDK,First Citizens National Bank,-2.75229,-0.03414,0.0,0.0
FULT,Fulton Financial ,13.72925,18.18955,1.18457,0.33907
FUNC,First United ,30.13579,34.19126,0.739861,0.37522
BFC,Bank First ,22.7432,24.92854,1.184848,0.29747
FXNC,First National /VA,37.77916,42.06869,0.468403,0.2606
GABA,Georgia Bancshares ,0.0,0.0,0.0,0.0
GABC,German American Bancorp ,11.41838,14.65689,0.839696,0.29058
GBCI,Glacier Bancorp ,13.41055,16.95341,1.109532,0.32238
GCBC,Greene unty Bancorp ,-13.45794,-12.45386,0.948372,0.42079
CFBK,CF Bankshares ,12.54499,13.98021,1.233349,0.33326
GFCJ,Guaranty Financial ,0.0,0.0,0.0,0.0
GLBZ,Glen Burnie Bancorp,-5.91497,-1.99664,-0.065379,0.33264
GNTY,Guaranty Bancshares ,34.12992,37.96045,1.105157,0.32778
GOVB,Gouverneur Bancorp ,19.53488,20.38491,0.0,0.0
GSBC,Great Southern Bancorp ,5.7554,8.74421,0.898751,0.29003
SFST,Southern First Bankshares ,8.72859,8.72859,0.99057,0.40287
HACBY,Hachijuni Bank Ltd,1.42857,2.63981,0.0,0.0
HAFC,Hanmi Financial ,45.51323,53.05687,0.872252,0.34117
HARL,Harleysville Financial ,2.70019,8.70845,0.210367,0.16688
HBAN,Huntington Bancshares ,8.88565,13.87148,0.934188,0.27778
HWC,Hancock Whitney ,15.4754,19.14479,1.076093,0.31831
HBNC,Horizon Bancorp ,21.64119,27.47082,0.929374,0.34442
HFBL,Home Federal Bancorp/LA,5.26316,9.70695,0.428884,0.25884
HFWA,Heritage Financial ,28.0295,33.48994,0.68753,0.33736
HIFS,Hingham Institution for Savings,35.92842,37.44497,1.209441,0.38518
HTBK,Heritage mmerce ,12.48514,18.69426,0.858396,0.31477
IBCP,Independent Bank ,25.30463,29.30273,1.00611,0.35037
IBOC,International Bancshares ,12.0702,14.54595,1.130626,0.325
ISBA,Isabella Bank ,20.85041,27.31827,0.31316,0.17586
INDB,Independent Bank .,22.99213,27.87162,0.913211,0.35151
MOFG,MidWestOne Financial Group ,28.23323,32.77333,1.055663,0.35131
JDVB,JD Bancshares ,0.0,0.0,0.0,0.0
JFBC,Jeffersonville Bancorp,8.60889,13.27659,0.471138,0.24562
JBTC,JBT Bancorp ,16.27907,20.95377,0.375594,0.22216
JUVF,Juniata Valley Financial ,-1.86235,5.30775,0.319216,0.29141
KEFI,Keweenaw Financial ,0.0,0.0,0.0,0.0
KFFB,Kentucky First Federal Bancorp,-21.47563,-21.47563,-0.107761,0.36521
KISB,Kish Bancorp ,6.55738,11.81887,-0.101719,0.15944
KRNY,Kearny Financial ,-0.47695,6.36198,1.269207,0.39095
KTHN,Katahdin Bankshares ,6.35556,9.81225,0.0,0.0
LARK,Landmark Bancorp ,47.9917,61.49943,0.242824,0.23786
LCNB,LCNB ,-1.19522,4.46502,0.568224,0.32165
LKFN,Lakeland Financial ,-8.3798,-5.66585,0.791653,0.29815
MBCN,Middlefield Banc ,14.35244,17.93183,1.342779,0.47357
SOHI,Sortis Holdings ,0.0,0.0,0.0,0.0
MPB,Mid Penn Bancorp ,28.34331,32.20577,0.923063,0.29783
MBVA,Millennium Bankshares ,0.0,0.0,0.0,0.0
MBWM,Mercantile Bank ,16.07048,19.91855,1.204758,0.37932
MNAT,Marquette National ,3.85321,9.25447,0.0,0.0
MTB,M&T Bank ,23.14621,26.89344,0.754832,0.26711
MVBF,MVB Financial ,-21.9457,-19.25725,1.287871,0.41633
MVLY,Mission Valley Bancorp,10.75812,10.75812,0.0,0.0
HOPE,Hope Bancorp ,-6.82226,-2.41533,1.006327,0.30592
NASB,NASB Financial ,13.31269,16.48132,0.205971,0.0
NBN,Northeast Bank,65.04449,65.13175,1.279808,0.37175
NBTB,NBT Bancorp ,18.55556,22.08629,0.945979,0.3093
NKSH,National Bankshares ,-24.82659,-21.1102,1.066895,0.30384
NRIM,Northrim Ban ,51.67042,57.29816,1.406172,0.43009
NWFL,Norwood Financial .,-13.85479,-9.8559,0.706908,0.31756
FNWD,Finward Bancorp,17.6637,19.76897,-0.096279,0.206
NWBI,Northwest Bancshares ,5.70175,12.44734,0.721921,0.26103
FLG,Flagstar Financial ,19.52233,20.22301,1.558201,0.54935
OCFC,OceanFirst Financial .,7.52688,12.68469,1.179,0.32717
OFG,OFG Bancorp,11.16992,14.05192,0.800866,0.28777
ONB,Old National Bancorp,26.24625,29.81795,1.283949,0.3255
OPHC,OptimumBank Holdings ,-2.90557,-2.90557,0.790263,0.2785
OPOF,Old Point Financial ,74.12791,79.00551,0.279867,0.31896
OBT,Orange unty Bancorp ,0.16757,2.00786,1.211212,0.42031
ORRF,Orrstown Financial Services ,13.58592,16.87171,0.730993,0.27126
OSBC,Old Second Bancorp ,22.58303,24.22382,0.648006,0.28298
OVBC,Ohio Valley Banc .,14.97281,19.34785,0.018085,0.34532
OVLY,Oak Valley Bancorp,3.48548,5.55631,0.756737,0.31109
OZK,Bank OZK,-3.34225,0.36111,1.21338,0.35621
PABN,Panamerican Bancorp-Old,0.0,0.0,0.0,0.0
PBHC,Pathfinder Bancorp ,38.11475,41.93626,0.370351,0.31596
PEBK,Peoples Bancorp of North Carolina .,-3.54331,-0.42515,0.675077,0.3082
PEBO,Peoples Bancorp ,3.20334,8.62673,1.076251,0.27712
PFBC,Preferred Bank of Los Angeles,10.15769,14.20353,0.941223,0.29995
PFBX,Peoples Financial /MS,24.19355,27.39261,0.0,0.0
PFIS,Penseco Financial Services ,8.1999,13.36207,1.14578,0.36827
PFLC,Pacific Financial ,7.07269,12.67668,0.187865,0.14496
PFS,Provident Financial Services ,18.47002,24.86849,1.068053,0.33684
PGC,Peapack-Gladstone Financial ,19.63771,20.46867,1.03872,0.37543
RNST,Renasant ,10.75374,13.73637,0.9204,0.29485
PKBK,Parke Bancorp ,10.97345,15.47541,0.753818,0.32776
PLBC,Plumas Bancorp,20.17132,23.44095,0.849853,0.36331
PNBK,Patriot National Bancorp ,-67.56032,-67.56032,1.44728,0.79553
PNFP,Pinnacle Financial Partners ,25.35902,26.5144,1.321755,0.34473
PPBI,Pacific Premier Bancorp ,-8.44294,-3.44057,1.117315,0.3502
PPBN,Pinnacle Bankshares ,16.14545,20.06222,0.0,0.0
PRK,Park National ,16.1128,19.43575,1.088758,0.32327
PROV,Provident Financial Holdings ,6.61278,10.87051,0.263723,0.17864
PB,Prosperity Bancshares ,9.78717,13.46639,0.71803,0.24706
PSBQ,PSB Holdings /WI,19.95294,23.34344,0.0,0.0
PWOD,Penns Woods Bancorp ,48.88653,56.74862,0.610579,0.28475
QCRH,QCR Holdings ,21.46482,21.87486,0.87669,0.31136
QNBC,QNB ,47.18163,54.71476,-0.199735,0.0
RBCAA,Republic Bancorp ,29.7842,33.26857,1.044532,0.33882
SBFG,SB Financial Group ,48.74552,53.67982,0.193063,0.31687
RF,Regions Financial ,4.91245,9.47422,0.989848,0.26679
BCAL,California Ban,-3.61775,-3.61775,0.610998,0.27123
RVSB,Riverview Bancorp ,24.73348,28.00038,0.267846,0.28261
SBCF,Seacoast Banking  of Florida,2.98869,5.90345,0.97787,0.3068
SBSI,Southside Bancshares ,0.59172,5.27457,0.744899,0.29267
SSB,SouthState oration,10.8761,13.39296,1.141255,0.32608
SFBI,SFSB ,0.0,0.0,0.0,0.0
SFIGA,Star Financial Group ,0.0,0.0,0.0,0.0
SFNC,Simmons First National ,5.70244,10.23097,0.797933,0.29326
SHBI,Shore Bancshares ,22.54283,26.84993,1.1042,0.33806
SMBC,Southern Missouri Bancorp ,22.17534,24.23359,1.112387,0.31393
SNV,Synovus Financial .,16.64542,20.70486,1.725016,0.36305
SRCE,1st Source ,16.38802,19.24864,0.809574,0.30492
STBA,S&T Bancorp ,16.4942,20.62745,0.792175,0.35017
STBI,Sturgis Bancorp ,7.76119,11.96573,-0.126351,0.15057
TBBK,Bancorp  (The),62.53795,62.53795,1.027848,0.43733
TCBI,Texas Capital Bancshares ,24.78604,24.78604,0.939529,0.31438
TCBK,Tri Bancshares,11.52333,15.02252,1.02969,0.32363
THFF,First Financial ,30.43711,36.26904,1.078746,0.32696
TMP,Tompkins Financial ,27.99591,33.30963,1.062582,0.38306
TOWN,TowneBank,22.76688,26.6537,0.9321,0.26656
TRMK,Trustmark ,25.44529,28.89306,1.110667,0.30637
TRST,Trust Bank  NY,8.97436,13.96287,0.8571,0.29079
TSBK,Timberland Bancorp ,14.3776,18.25509,0.923655,0.32207
TVNB,Turbotville National Bank/PA,0.0,0.0,0.0,0.0
TYCB,Taylor Calvin B Bankshares ,1.66522,4.68536,0.0,0.0
TYFG,Tri-unty Financial Group ,7.17726,9.33285,0.0,0.0
UBAB,United Bancorporation of Alabama ,26.62722,29.29542,0.509823,0.16942
UBCP,United Bancorp ,-14.1996,-8.25663,-0.024421,0.29684
UBFO,United Security Bancshares,18.06109,25.08061,0.627853,0.20768
UBOH,United Bancshares /OH,43.75661,49.58172,0.211017,0.24625
AUB,Atlantic Union Bankshares ,-13.17829,-10.07152,1.018595,0.33189
UBSI,United Bankshares ,-2.04836,2.10997,0.835242,0.27809
UCB,United mmunity Banks ,9.52946,13.22847,1.157608,0.31835
UMBF,UMB Financial ,18.886,20.77193,1.259165,0.29743
UNB,Union Bankshares ,1.34075,6.60191,0.599362,0.3993
UNIB,University Bancorp ,16.66667,18.78788,0.0,0.0
UNTY,Unity Bancorp ,49.45848,51.70776,1.279482,0.43325
FUSB,First US Bancshares ,52.71493,55.70389,0.50678,0.28473
UNTN,United Tennessee Bankshares ,3.10606,6.79267,0.0,0.0
UVSP,Univest Financial ,41.17936,45.72497,1.109355,0.32508
UWHR,Uwharrie Capital ,0.0,0.0,0.0,0.0
VABK,Virginia National Bankshares ,24.56321,29.14171,1.085155,0.39159
VLY,Valley National Bancorp,12.81726,18.93203,1.104602,0.35521
WABC,Westamerica Bancorporation,3.84374,7.50358,0.909274,0.26545
WASH,Washington Trust Bancorp ,13.51454,20.04549,1.070421,0.34269
WBS,Webster Financial ,2.4021,5.65063,1.360194,0.35506
WNEB,Western New England Bancorp ,23.32016,27.68386,0.701252,0.35275
WAFD,WaFd ,-0.56378,2.72037,0.588235,0.30735
WSBC,WesBanco ,4.96575,9.94061,0.918554,0.30101
WSFS,WSFS Financial ,17.99457,19.34989,1.038042,0.3202
WTBA,West Bancorporation ,13.30249,19.12945,1.099973,0.34038
WTFC,Wintrust Financial .,9.11031,10.91115,1.222487,0.28767
WVFC,WVS Financial .,0.0,0.0,0.0,0.0
ZION,Zions Bancorporation National Association,15.12331,18.98571,1.440614,0.32445
AX,Axos Financial .,22.77322,22.77322,1.49547,0.43311
MCHB,Mechanics Bank (The) (CA),7.05882,8.98176,0.0,0.0
PCB,PCB Bancorp,16.64565,21.45122,0.852001,0.31679
GSBX,Golden State Bancorp,15.81395,15.81395,0.0,0.0
BWFG,Bankwell Financial Group ,18.60373,22.06769,0.799344,0.27788
LYBC,Lyons Bancorp ,1.26582,5.4041,0.0,0.0
FRSB,First Resources Bancorp ,8.33251,8.33251,0.0,0.0
BCML,Baym ,24.25863,26.80822,1.082886,0.30127
EFSC,Enterprise Financial Services oration,36.56545,39.60623,0.695988,0.31597
RWCB,Redwood Capital Bancorp,7.94734,9.55853,0.0,0.0
SCZC,West ast mmunity Bancorp,40.64516,43.4149,0.236089,0.19358
NIDB,Northeast Indiana Bancorp ,4.70588,9.1497,0.0,0.0
BFIN,BankFinancial ,20.09524,24.24072,0.535798,0.23941
WAL,Western Alliance Bancorporation,21.21358,23.54225,1.364056,0.36726
OTTW,Ottawa Bancorp ,31.67421,36.01357,0.076305,0.11002
SYBT,Stock Yards Bancorp ,44.43746,47.34953,1.315722,0.34365
OPBK,OP Bancorp,18.95687,23.47607,0.839739,0.34626
MNSB,MainStreet Bancshares ,-6.78909,-4.5522,0.523776,0.30748
FBIZ,First Business Financial Services ,32.42794,35.58815,0.981506,0.34108
MGYR,Magyar Bancorp ,24.41652,26.84272,0.241167,0.15323
FFBB,FFB Bancorp,-6.58896,-6.58896,0.183511,0.2616
LSBK,Lake Shore Bancorp ,33.78378,41.12401,0.277382,0.27387
TRVR,Two Rivers Financial Group ,0.0,0.0,0.0,0.0
HOMB,Home Bancshares ,17.09544,20.3236,0.7242,0.26694
NECB,Northeast mmunity Bancorp ,51.69763,56.38501,1.165182,0.36302
GBNY,Generations Bancorp NY ,58.883,58.883,0.238021,0.0
SSBI,Summit State Bank,-13.55932,-11.96967,0.227626,0.51019
LFGP,Ledyard Financial Group ,1.97368,8.09516,-0.071878,0.15575
ARBV,American Riviera Bancorp,19.82489,19.82489,0.067024,0.12331
FRST,Primis Financial ,-18.97133,-16.0967,1.040946,0.33849
WSFGQ,WSB Financial Group ,0.0,0.0,0.0,0.0
PBNK,Pinnacle Bank (CA),22.58065,22.58065,0.158429,0.12911
CARE,Carter Bankshares ,29.749390000000002,29.749390000000002,1.202188,0.33473
ESSA,ESSA Bancorp ,5.72712,9.1593,0.826651,0.30257
TFSL,TFS Financial ,0.64673,9.66318,0.602969,0.23788
QNTO,Quaint Oak Bancorp ,-2.7027,2.01124,0.0,0.0
LRBI,Lake Ridge Bancorp ,0.0,0.0,0.0,0.0
FFNW,First Financial Northwest ,9.37651,10.05652,0.271582,0.19892
NFBK,Northfield Bancorp ,12.8999,18.36848,1.207818,0.40879
CMUV,CMUV Bancorp,25.87822,29.01293,0.0,0.0
SFBC,Sound Financial Bancorp ,24.75369,26.82977,-0.164202,0.28169
WMPN,William Penn Bancorp,-12.5,-11.63876,0.460388,0.18701
BLHK,BlueHarbor Bank,13.75,15.99317,0.0,0.0
HBCP,Home Bancorp ,21.91965,24.80565,1.191847,0.32949
FSFG,First Savings Financial Group ,54.28914,58.52987,0.271655,0.23972
BKQNY,Bank of Queensland Ltd,3.8125,9.29726,0.0,0.0
GNRV,Grand River mmunications ,38.59649,38.59649,0.0,0.0
TBNK,Territorial Bancorp ,5.57668,6.04372,0.760095,0.35455
CULL,Cullman Bancorp ,1.76991,2.99729,0.133721,0.12588
FIBK,First Interstate BancSystem ,7.99087,14.92947,1.092612,0.27711
EMYB,Embassy Bancorp ,15.07353,18.69925,0.0,0.0
CTUY,Century Next Financial ,36.67216,38.46598,0.0,0.0
OFED,Oconee Federal Financial ,-9.09091,-6.27136,0.0,0.0
BKU,BankUnited ,24.01603,28.53808,1.047505,0.36967
JMSB,John Marshall Bancorp ,-4.15704,-2.79254,0.788018,0.35067
MNMB,Merchants & Marine Bancorp ,-9.13978,-6.05496,0.0,0.0
IROQ,IF Bancorp ,45.61404,48.28463,0.312588,0.24898
PBAM,Private Bancorp of America ,60.32211,60.32211,0.108384,0.25325
CUBI,Customers Bancorp ,-1.96911,-1.96911,1.549572,0.47868
HMST,HomeStreet ,-17.79603,-17.79603,1.578471,0.61078
FSBW,FS Bancorp ,13.77246,16.89537,1.026848,0.33854
HTB,HomeTrust Bancshares ,30.55768,32.36293,1.375173,0.31965
UNIF,U & I Financial ,-43.64162,-43.64162,0.0,0.0
NBHC,National Bank Holdings ,8.5569,11.52618,0.960475,0.26603
WBBW,Westbury Bancorp ,0.0,0.0,0.0,0.0
NIC,Nicolet Bankshares ,30.39485,31.86835,0.878085,0.3079
FVCB,FVCBankcorp ,-12.19309,-12.19309,1.36937,0.45487
CSHX,Cashmere Valley Bank,26.36816,30.07622,0.044749,0.16918
FFMR,First Farmers Financial ,-1.87463,1.00591,0.0,0.0
FRBA,First Bank,12.08207,13.97657,0.637371,0.27801
SFBS,ServisFirst Bancshares ,23.38771,25.43848,1.176857,0.35745
ISTR,Investar Holding ,6.48318,8.90076,1.130855,0.32411
CFG,Citizens Financial Group ,13.88889,18.55481,1.026284,0.29001
VBTX,Veritex Holdings ,23.32332,27.4433,1.161428,0.30635
FFWM,First Foundation ,-27.60055,-27.46844,1.141048,0.6281
TFIN,Triumph Financial ,-25.72646,-25.72646,1.547619,0.43684
FNWB,First Northwest Bancorp,-35.67807,-33.95861,1.143402,0.40982
CBWA,mmencement Bancorp ,30.0,60.44915,0.0,0.0
PMHG,Prime Meridian Holding ,27.21239,31.55707,0.014181,0.0
LOB,Live Oak Bancshares ,-33.82643,-33.61761,1.151205,0.48638
IBTN,Ins ,9.01099,10.92998,0.0,0.0
PVBC,Provident Bancorp ,23.15113,23.15113,1.385556,0.35794
BAFN,BayFirst Financial ,25.17058,28.11298,0.334801,0.27961
SABK,South Atlantic Bancshares ,42.37132,43.31107,-0.364097,0.30753
EQBK,Equity Bancshares ,16.55767,18.26177,1.158819,0.30386
HONE,HarborOne Bancorp ,1.25483,4.17596,1.189045,0.37272
MCBS,Metrocity Bankshares ,15.27546,18.71441,1.220457,0.33393
BPRN,Princeton Bancorp ,1.4168,5.08782,1.042602,0.277
MSBI,Midland States Bancorp ,-30.56116,-26.67502,0.613716,0.33055
SLBK,Skyline Bankshares ,14.97717,19.63249,0.048607,0.13873
FHB,First Hawaiian ,12.64528,17.43915,0.887247,0.27705
FBK,FB Financial ,25.21031,27.14791,1.14753,0.31067
MCBI,Mountain mmerce Bancorp ,9.58904,10.71437,0.0,0.0
VBNK,VersaBank,-1.44509,-0.83774,1.362487,0.38269
ESQ,Esquire Financial Holdings ,58.28619,59.85658,0.79397,0.31519
BY,Byline Bancorp ,25.0,26.77838,1.196503,0.309
FFBW,FFBW ,8.52713,8.52713,0.204777,0.13743
RBB,RBB Bancorp,-5.49828,-2.54147,0.894826,0.32648
COSO,astalSouth Bancshares ,26.86567,26.86567,0.0,0.0
PPBB,Peoples Bancorp,0.0,0.0,0.0,0.0
PDLB,Ponce Financial Group ,47.7907,47.7907,1.010314,0.27827
MCB,Metropolitan Bank Holding ,51.90777,51.90777,1.335683,0.4699
STEL,Stellar Bancorp ,15.27836,17.65714,0.841851,0.2897
MRBK,Meridian ,44.44444,50.59805,1.080218,0.35381
CLBK,lumbia Financial ,-12.83264,-12.83264,0.712574,0.31302
SSBP,SSB Bancorp ,-10.71429,-10.71429,0.0,0.0
BWB,Bridgewater Bancshares ,19.57082,19.57082,0.852088,0.30636
BFST,Business First Bancshares ,12.3906,15.00595,1.210603,0.3605
OBK,Origin Bancorp ,14.04439,16.0497,1.326957,0.33284
AMAL,Amalgamated Financial ,23.81363,25.86643,1.364849,0.36525
MYFW,First Western Financial ,35.47486,35.47486,1.259169,0.37029
CCB,astal Financial ,135.62074,135.62074,0.97202,0.35767
CNBN,CNB Bank Shares ,0.0,0.0,0.0,0.0
AMTB,Amerant Bancorp ,-9.35031,-7.88602,1.574261,0.3877
BSVN,Bank7 ,41.73599,45.35664,0.940141,0.34927
CBNK,Capital Bancorp ,34.49262,36.53761,0.856048,0.2957
SICPQ,Silvergate Capital oration,39.39394,39.39394,0.726337,1.76632
BCOW,1895 Bancorp of Wisconsin ,50.07364,50.07364,0.252501,0.21413
RBKB,Rhinebeck Bancorp ,26.36695,26.36695,0.273386,0.21635
ALPIB,Alpine Banks of lorado,13.51648,16.69238,0.105145,0.15456
RRBI,Red River Bancshares ,7.48088,8.29304,1.013107,0.28072
SPFI,South Plains Financial ,29.41865,31.78572,1.177284,0.3312
CNBB,CNB mmunity Bancorp ,13.1398,16.32801,0.0,0.0
RMBI,Richmond Mutual Bancorporation ,9.91379,14.87576,0.208581,0.24045
FSEA,First Seacoast Bancorp ,35.88235,35.88235,0.0544,0.12771
PBFS,Pioneer Bancorp ,22.19873,22.19873,0.467339,0.20477
BOID,Bank of Idaho Holding ,63.57895,63.57895,0.0,0.0
HBT,HBT Financial ,19.16711,23.55395,1.141215,0.31757
DSBX,Dogwood State Bank RALEIGH NC,-9.70104,-9.70104,0.0,0.0
MBLU,Morris St Bancshares ,0.0,0.0,0.0,0.0
LUMB,Lumbee Guaranty Bank,9.54545,12.34385,0.0,0.0
PBNC,PB Financial ,0.0,0.0,0.0,0.0
BSBK,Bogota Financial ,9.71429,9.71429,0.013893,0.24987
LNKB,LINKBANCORP ,-2.17391,2.12522,0.705893,0.28792
EBC,Eastern Bankshares ,22.44594,25.87059,1.098441,0.32387
AFBI,Affinity Bancshares ,8.19175,16.351,0.226545,0.32707
CBTN,Citizens Bancorp Investment ,-21.12676,-18.93863,0.0,0.0
FSBC,Five Star Bancorp,24.48615,28.21267,0.879374,0.30095
BLFY,Blue Foundry Bancorp,-1.39935,-1.39935,0.986352,0.32454
PBBK,PB Bankshares ,27.61831,27.61831,0.151444,0.19939
TCBS,Texas mmunity Bancshares ,10.04127,11.21109,0.153564,0.11924
TCBC,TC Bancshares ,11.99422,12.73731,0.371822,0.22147
USCB,USCB Financial Holdings ,68.29268,70.87113,1.502298,0.44173
SSBK,Southern States Bancshares ,39.06433,40.73923,0.59752,0.30138
FINW,Finwise Bancorp,70.88734,70.88734,0.432099,0.34016
CLST,Catalyst Bancorp ,-1.01954,-1.01954,0.175139,0.11069
TCBX,Third ast Bancshares ,70.43207,70.43207,1.084756,0.36764
CFSB,CFSB Bancorp ,10.13889,10.13889,-0.182567,0.18918
NSTS,NSTS Bancorp ,19.45607,19.45607,0.103864,0.23545
HNVR,Hanover Bancorp ,47.41497,50.51626,0.588544,0.32711
ECBK,ECB Bancorp ,16.64093,16.64093,0.418825,0.23968
FSUN,FirstSun Capital Bancorp,1.35211,1.35211,0.528652,0.24479
SRBK,SR Bancorp ,25.57895,26.09573,0.339213,0.14724
CPBI,Central Plains Bancshares ,46.27451,46.27451,0.133652,0.1753
PFSB,PFS Bancorp ,18.15068,18.15068,0.221283,0.13592
NBBK,NB Bancorp ,32.13235,32.13235,0.977973,0.28183
FDSB,Fifth District Bancorp ,0.0,0.0,0.0,0.0
CBNA,Chain Bridge Bancorp ,0.0,0.0,0.0,0.0
FBLA,FB Bancorp ,0.0,0.0,0.0,0.0
NPB,Northpointe Bancshares ,0.0,0.0,0.0,0.0
