Symbol,Company Name,P/E (Price/TTM Earnings),PEG Ratio,EPS Growth (Proj This Yr vs. Last Yr),Institutional Ownership,Institutional Ownership (Last vs. Prior Qtr)
ABCB,Ameris Bancorp,11.1,0.0,0.89641,91.2386,0.4058
ACNB,ACNB ,11.1,0.0,14.79893,36.8542,3.2059
ADKT,Adirondack Trust ,0.0,0.0,0.0,0.0,0.0
ALBY,mmunity Capital Bancshares ,0.0,0.0,0.0,0.0,0.0
BCTF,Bancorp 34 ,48.3,0.0,0.0,4.0534,0.0
AMBZ,American Business Bank/CA,9.6,0.0,0.0,8.6732,-1.2966
HTH,Hilltop Holdings ,17.6,0.0,-10.68966,57.2436,0.7774
AROW,Arrow Financial ,14.9,0.0,49.43503,51.028,3.1698
ASB,Associated Banc-,31.4,0.0,3.40336,86.2769,11.7844
ASRV,AmeriServ Financial ,11.7,0.0,0.0,39.6188,15.8101
ATLO,Ames National ,15.3,0.0,0.0,29.3177,7.0722
AUBN,Auburn National Bancorporation ,11.6,0.0,0.0,10.0442,18.0798
BANF,BancFirst ,17.1,0.0,-1.86335,48.7217,-0.8941
BANR,Banner ,13.1,0.0,6.06557,92.322,2.3032
TFC,Truist Financial ,0.0,0.0,9.48509,73.8961,1.2191
BCBP,BCB Bancorp ,10.0,0.0,-8.89764,37.5906,0.1858
BHB,Bar Harbor Bankshares,10.5,0.0,2.74648,57.0324,1.8549
BHLB,Berkshire Hills Bancorp ,18.3,0.0,14.61538,86.3694,11.2882
BHRB,Burke & Herbert Financial Services ,19.9,0.0,6.63338,0.0,4.2452
BKSC,Bank of South Carolina ,11.1,0.0,0.0,0.0,0.0
BMRC,Bank of Marin Bancorp,0.0,0.0,0.0,57.6293,4.5174
BNCC,BNCCORP ,14.8,0.0,0.0,0.0,0.0
BOH,Bank of Hawaii ,20.1,0.0,15.08671,78.8362,0.4378
BOTJ,Bank of the James Financial Group ,8.3,0.0,0.0,23.062,5.7053
BOKF,BOK Financial ,12.7,0.0,5.81081,34.1517,0.5278
BPOP,Popular ,10.9,0.0,16.4486,89.6098,-1.2099
BRBS,Blue Ridge Bankshares ,0.0,0.0,0.0,0.0,7.6847
BRKL,Brookline Bancorp ,14.2,0.0,42.20779,83.6396,2.9118
BSRR,Sierra Bancorp,9.9,0.0,1.77305,57.0562,-3.3559
BUSE,First Busey ,11.0,0.0,22.45192,61.2357,6.5022
BVFL,BV Financial ,13.8,0.0,0.0,35.6795,-2.6698
CADE,Cadence Bank,11.0,0.0,4.08759,85.3653,2.2908
BYFC,Broadway Financial ,169.0,0.0,0.0,22.4972,7.7692
CAC,Camden National ,11.1,0.0,19.47945,67.2707,4.4801
CASH,Pathward Financial ,11.0,0.0,12.1148,82.9147,17.7941
CATY,Cathay General Bancorp,10.9,0.0,6.93671,75.5334,2.0544
CBAN,lony Bankcorp ,12.0,0.0,21.32353,55.5602,0.5713
CBKM,nsumers Bancorp ,0.0,0.0,0.0,0.2145,0.0
CBSH,mmerce Bancshares ,16.1,0.0,1.96382,70.7268,0.6903
CBU,mmunity Financial System ,16.7,0.0,17.12209,73.0247,2.8425
CCBG,Capital City Bank Group,11.5,0.0,-1.28205,47.2896,1.977
CCFN,Muncy lumbia Financial ,0.0,0.0,0.0,0.0071,0.0
CCNE,CNB Financial /PA,9.4,0.0,12.13389,58.5119,1.8907
CFFI,C&F Financial ,11.4,0.0,0.0,37.827,17.9085
CFFN,Capitol Federal Financial ,14.5,0.0,56.89655,76.8826,2.8239
CFR,Cullen/Frost Bankers ,14.1,0.0,1.31905,85.6911,-1.3009
CHBH,Croghan Bancshares ,0.0,0.0,0.0,0.2726,0.0
CHCO,City Holding ,15.0,0.0,-3.56147,73.6746,2.0374
CHMG,Chemung Financial ,9.6,0.0,7.82258,42.3414,1.8417
CIZN,Citizens Holding ,8.2,0.0,0.0,0.0,0.0
CMTV,mmunity Bancorp/VT,8.0,0.0,0.0,0.0,0.0
CBFV,CB Financial Services ,11.8,0.0,-10.98522,41.7825,8.9423
CNAF,mmercial National Financial ,0.0,0.0,0.0,0.0,0.0
CNOB,nnectOne Bancorp ,13.7,0.0,34.0884,70.8755,1.3926
CNBW,CNB ,0.0,0.0,0.0,0.8638,0.0
CNND,Canandaigua National ,0.0,0.0,0.0,0.4527,12.3333
CNUN,mmunity Bancshares /OH,0.0,0.0,0.0,0.0,0.0
CARV,Carver Bancorp ,0.0,0.0,0.0,14.1997,1.8007
COFS,ChoiceOne Financial Services ,8.7,0.0,4.30769,0.0,9.0078
COLB,lumbia Banking System ,9.9,0.0,-1.18081,92.1658,0.1402
CPF,Central Pacific Financial .,13.8,0.0,39.59391,92.8956,0.4302
CPKF,Chesapeake Financial Shares ,8.2,0.0,281.02644,3.6713,-0.9866
SMBK,SmartFinancial ,14.5,0.0,17.343,56.6226,2.6172
CTBI,mmunity Trust Bancorp ,10.9,0.0,9.82646,62.7883,1.0657
CVBF,CVB Financial ,12.8,0.0,-3.65517,75.7306,5.6914
CWBC,mmunity West Bancshares,40.9,0.0,355.55556,49.6965,0.4746
CWBK,CW Bancorp,0.0,0.0,0.0,0.2173,100.0
CYSM,mmunity Bancorp Santa Maria,0.0,0.0,0.0,5.4785,36.2019
CZFS,Citizens Financial Services ,10.1,0.0,9.40171,0.0,8.803
CZNB,Citizens Bancorp/CA,0.0,0.0,0.0,0.0,0.0
CZNC,Citizens & Northern ,11.9,0.0,13.01775,33.0732,2.7677
CZWI,Citizens mmunity Bancorp ,10.9,0.0,-2.98507,55.2778,3.7124
DBIN,Dacotah Banks ,13.9,0.0,0.0,0.0,0.0
DCOM,Dime mmunity Bancshares ,52.1,0.0,91.91781,85.0621,19.905
EBMT,Eagle Bancorp Montana ,13.6,0.0,23.57143,39.8178,4.0846
EBTC,Enterprise Bancorp /MA,12.5,0.0,0.0,33.9847,3.7371
EFSI,Eagle Financial Services ,7.6,0.0,160.30534,0.0,0.0
EGBN,Eagle Bancorp ,0.0,0.0,26.08466,76.6498,2.4954
ENBP,ENB Financial ,0.0,0.0,0.0,0.0633,100.0
EVBN,Evans Bancorp ,18.0,0.0,22.87037,60.1397,7.0359
EWBC,East West Bancorp ,10.9,0.0,4.87952,90.07,-0.1044
HWBK,Hawthorn Bancshares ,10.7,0.0,0.0,27.0197,-1.0654
FBAK,First National Bank Alaska,11.1,0.0,0.0,0.1986,31.8658
FBIP,FNB Bancorp ,0.0,0.0,0.0,0.0,0.0
FBNC,First Bancorp/NC,22.0,0.0,18.98917,69.8864,5.3431
FBP,First Ban (Puerto Rico),10.7,0.0,0.71823,60.4466,3.043
FBPA,Farmers Bank of Appomattox (The),0.0,0.0,0.0,0.1292,0.0
FBSI,First Bancshares ,0.0,0.0,0.0,0.0,0.0
FBTT,First Bankers Trustshares ,0.0,0.0,0.0,0.0133,0.0
FCAP,First Capital ,10.7,0.0,0.0,14.9012,15.3485
FCBC,First mmunity Bancshares ,13.7,0.0,-8.21429,36.0305,1.2625
FCCO,First mmunity ,12.5,0.0,20.44199,58.1241,3.5474
FCF,First mmonwealth Financial .,11.2,0.0,0.5036,74.7381,0.1192
CIVB,Civista Bancshares ,9.9,0.0,16.86567,54.5003,4.3059
FDBC,Fidelity D & D Bancorp ,11.8,0.0,0.0,0.0,7.2067
FDVA,Freedom Financial Holdings ,15.5,0.0,0.0,0.0,0.0
FFBC,First Financial Bancorp.,10.5,0.0,8.83333,80.5511,2.0858
FFIC,Flushing Financial ,0.0,0.0,-23.79747,70.5528,27.971
FFIN,First Financial Bankshares ,22.9,0.0,12.82051,70.3101,0.3132
FGFH,Foresight Financial Group ,0.0,0.0,0.0,3.9432,0.0
FGBI,First Guaranty Bancshares ,9.5,0.0,9.87654,7.8655,18.3632
FHN,First Horizon ,14.4,1.3031,9.54839,84.7009,4.9647
FISI,Financial Institutions ,0.0,0.0,-29.87288,76.8243,27.2704
INBK,First Internet Bancorp,9.4,0.0,43.26389,73.8084,2.6244
FIZN,First Citizens Bancshares ,0.0,0.0,0.0,0.0,-100.0
FLIC,First of Long Island  (The),16.4,0.0,66.13333,57.1811,6.1945
FMAO,Farmers & Merchants Bancorp ,12.6,0.0,-2.63158,0.0,3.554
FMBH,First Mid Bancshares ,10.6,0.0,7.15134,43.9782,2.4473
FMBL,Farmers & Merchants Bank/CA,0.0,0.0,0.0,5.779,0.1138
FMBM,F & M Bank ,9.1,0.0,0.0,3.7962,0.0
FMCB,Farmers & Merchants Bancorp,8.3,0.0,0.0,0.5673,27.2844
FMNB,Farmers National Banc /OH,10.8,0.0,12.10938,40.0669,4.527
FMOO,F & M Bancorp (Ohio),0.0,0.0,0.0,0.0,0.0
FNB,F.N.B. ,10.7,0.0,1.36691,80.6394,2.5495
FNLC,First Bancorp /ME (The),10.3,0.0,0.0,42.4632,1.3521
FNRN,First Northern mmunity Bancorp,0.0,0.0,0.0,5.5354,0.0
BANC,Banc of California ,27.2,0.0,52.75,97.2832,1.4112
FRAF,Franklin Financial Services ,14.2,0.0,0.0,0.0,3.244
FRBKQ,Republic First Bancorp ,0.0,0.0,0.0,0.1222,0.0
FRME,First Merchants ,11.8,0.0,26.2215,74.275,2.352
FSDK,First Citizens National Bank,0.0,0.0,0.0,0.0,0.0
FULT,Fulton Financial ,11.4,0.0,0.86486,76.8609,3.5873
FUNC,First United ,9.5,0.0,19.04762,43.8084,4.6688
BFC,Bank First ,15.6,0.0,7.24031,32.3905,7.2639
FXNC,First National /VA,22.1,0.0,125.5,0.0,38.9383
GABA,Georgia Bancshares ,0.0,0.0,0.0,0.0,0.0
GABC,German American Bancorp ,13.3,0.0,15.79505,43.4813,2.8036
GBCI,Glacier Bancorp ,26.5,0.0,33.45238,82.3079,1.4925
GCBC,Greene unty Bancorp ,14.8,0.0,0.0,14.9505,-2.1653
CFBK,CF Bankshares ,10.6,0.0,0.0,38.5334,31.8633
GFCJ,Guaranty Financial ,0.0,0.0,0.0,0.0,0.0
GLBZ,Glen Burnie Bancorp,0.0,0.0,0.0,6.9144,24.4441
GNTY,Guaranty Bancshares ,14.8,0.0,10.58394,28.8475,9.5839
GOVB,Gouverneur Bancorp ,0.0,0.0,0.0,0.0,0.0
GSBC,Great Southern Bancorp ,10.6,0.0,-0.89354,44.3013,1.7882
SFST,Southern First Bankshares ,17.4,0.0,39.79058,79.0655,2.1698
HACBY,Hachijuni Bank Ltd,0.0,0.0,0.0,0.0,0.0
HAFC,Hanmi Financial ,11.0,0.0,20.19512,90.4537,1.1879
HARL,Harleysville Financial ,0.0,0.0,0.0,1.4246,20.1679
HBAN,Huntington Bancshares ,12.5,2.28898,14.18033,84.6027,2.5591
HWC,Hancock Whitney ,10.0,0.0,1.98864,86.2745,3.7494
HBNC,Horizon Bancorp ,19.1,0.0,4.88235,69.7437,4.0575
HFBL,Home Federal Bancorp/LA,12.0,0.0,0.0,8.6456,4.0955
HFWA,Heritage Financial ,19.8,0.0,62.74194,81.4438,0.1856
HIFS,Hingham Institution for Savings,18.8,0.0,0.0,56.2432,7.9618
HTBK,Heritage mmerce ,14.4,0.0,20.15152,76.1813,0.3962
IBCP,Independent Bank ,9.7,0.0,-1.61392,83.9747,-0.5721
IBOC,International Bancshares ,9.5,0.0,0.0,67.3793,1.9176
ISBA,Isabella Bank ,12.7,0.0,22.41935,0.0067,100.0
INDB,Independent Bank .,13.9,0.0,17.03297,83.3137,3.4953
MOFG,MidWestOne Financial Group ,0.0,0.0,0.0,79.7367,3.343
JDVB,JD Bancshares ,6.3,0.0,0.0,1.5413,252.615
JFBC,Jeffersonville Bancorp,0.0,0.0,0.0,0.0,0.0
JBTC,JBT Bancorp ,0.0,0.0,0.0,0.0,0.0
JUVF,Juniata Valley Financial ,9.9,0.0,0.0,0.0,0.0
KEFI,Keweenaw Financial ,9.2,0.0,0.0,0.0,0.0
KFFB,Kentucky First Federal Bancorp,0.0,0.0,0.0,2.6931,7.5668
KISB,Kish Bancorp ,6.5,0.0,0.0,0.0,0.0
KRNY,Kearny Financial ,0.0,0.0,0.0,62.6163,0.9232
KTHN,Katahdin Bankshares ,9.6,0.0,0.0,0.0,0.0
LARK,Landmark Bancorp ,12.1,0.0,0.0,19.5804,5.5685
LCNB,LCNB ,15.5,0.0,64.43299,37.4391,5.7982
LKFN,Lakeland Financial ,16.4,0.0,2.86501,83.1573,3.0405
MBCN,Middlefield Banc ,14.2,0.0,0.9375,33.618,2.5296
SOHI,Sortis Holdings ,0.0,0.0,0.0,0.0437,0.0
MPB,Mid Penn Bancorp ,9.0,0.0,-2.06897,50.7789,32.8915
MBVA,Millennium Bankshares ,0.0,0.0,0.0,0.0,0.0
MBWM,Mercantile Bank ,8.9,0.0,-2.00811,63.2821,3.2285
MNAT,Marquette National ,0.0,0.0,0.0,0.0,0.0
MTB,M&T Bank ,12.3,2.64953,11.02459,87.5781,-0.0919
MVBF,MVB Financial ,11.3,0.0,-21.37255,0.0,8.6065
MVLY,Mission Valley Bancorp,0.0,0.0,0.0,5.1927,-7.9474
HOPE,Hope Bancorp ,12.8,0.0,13.29412,89.5125,0.9639
NASB,NASB Financial ,9.4,0.0,0.0,0.0,0.0
NBN,Northeast Bank,10.6,0.0,36.01583,53.4259,3.2636
NBTB,NBT Bancorp ,14.4,0.0,17.17687,66.4608,8.3422
NKSH,National Bankshares ,21.4,0.0,89.97575,31.6081,5.7549
NRIM,Northrim Ban ,11.3,0.0,21.74242,69.057,0.7609
NWFL,Norwood Financial .,0.0,0.0,29.79275,38.2654,60.0425
FNWD,Finward Bancorp,10.2,0.0,-60.91549,0.0,15.0241
NWBI,Northwest Bancshares ,15.4,0.0,2.69231,67.714,2.5375
FLG,Flagstar Financial ,0.0,0.0,86.8797,85.9258,34.3208
OCFC,OceanFirst Financial .,10.4,0.0,-2.625,73.2584,2.5058
OFG,OFG Bancorp,9.5,0.0,-3.90071,94.0533,-1.0636
ONB,Old National Bancorp,12.7,0.0,11.55914,95.2825,15.7629
OPHC,OptimumBank Holdings ,3.0,0.0,-45.86466,0.0,6.2042
OPOF,Old Point Financial ,15.9,0.0,0.0,32.4875,0.8479
OBT,Orange unty Bancorp ,9.6,0.0,17.44939,0.0,1.4796
ORRF,Orrstown Financial Services ,20.1,0.0,7.12766,55.0228,2.6425
OSBC,Old Second Bancorp ,9.0,0.0,-0.85561,71.4141,1.4185
OVBC,Ohio Valley Banc .,12.3,0.0,0.0,16.0189,4.7187
OVLY,Oak Valley Bancorp,8.5,0.0,0.0,32.5041,1.7166
OZK,Bank OZK,7.1,0.0,-3.50163,92.3366,0.0713
PABN,Panamerican Bancorp-Old,0.0,0.0,0.0,0.0,0.0
PBHC,Pathfinder Bancorp ,26.7,0.0,0.0,21.4113,2.5808
PEBK,Peoples Bancorp of North Carolina .,9.1,0.0,0.0,41.2546,4.6765
PEBO,Peoples Bancorp ,9.0,0.0,-3.05136,57.8245,2.7231
PFBC,Preferred Bank of Los Angeles,8.7,0.0,0.53942,83.5199,3.5805
PFBX,Peoples Financial /MS,4.2,0.0,0.0,1.0498,0.0
PFIS,Penseco Financial Services ,45.1,0.0,43.50133,30.5232,4.6466
PFLC,Pacific Financial ,11.8,0.0,0.0,0.2972,-7.0247
PFS,Provident Financial Services ,16.8,0.0,96.38095,67.5204,0.7607
PGC,Peapack-Gladstone Financial ,15.8,0.0,47.89189,78.0787,5.8821
RNST,Renasant ,10.4,0.0,0.83333,92.3588,3.8001
PKBK,Parke Bancorp ,8.4,0.0,0.0,46.7842,-0.5744
PLBC,Plumas Bancorp,9.0,0.0,-10.39583,43.4892,6.1385
PNBK,Patriot National Bancorp ,0.0,0.0,0.0,20.3301,-20.8359
PNFP,Pinnacle Financial Partners ,17.9,0.0,13.17852,89.578,2.5169
PPBI,Pacific Premier Bancorp ,13.2,0.0,-20.78788,94.7191,0.2795
PPBN,Pinnacle Bankshares ,7.7,0.0,0.0,3.6038,0.0
PRK,Park National ,16.4,0.0,-3.61588,55.5236,3.2265
PROV,Provident Financial Holdings ,16.0,0.0,2.83019,47.9514,-1.259
PB,Prosperity Bancshares ,14.2,0.0,15.36634,82.8533,1.472
PSBQ,PSB Holdings /WI,10.8,0.0,0.0,6.8165,6.83
PWOD,Penns Woods Bancorp ,12.0,0.0,0.0,29.529,24.9192
QCRH,QCR Holdings ,10.7,0.0,-3.68421,73.707,1.722
QNBC,QNB ,0.0,0.0,0.0,0.0,0.0
RBCAA,Republic Bancorp ,12.5,0.0,6.71785,27.9508,2.3694
SBFG,SB Financial Group ,12.0,0.0,16.27907,53.4767,3.6393
RF,Regions Financial ,11.4,3.04618,15.20619,80.6151,2.6664
BCAL,California Ban,64.5,0.0,660.45455,0.0,2.8689
RVSB,Riverview Bancorp ,152.3,0.0,11.11111,66.3005,-0.0943
SBCF,Seacoast Banking  of Florida,18.2,0.0,11.66667,83.6668,1.4775
SBSI,Southside Bancshares ,10.0,0.0,-2.68041,57.1068,2.5499
SSB,SouthState oration,13.6,0.0,9.2233,68.3213,1.6248
SFBI,SFSB ,0.0,0.0,0.0,0.0,0.0
SFIGA,Star Financial Group ,0.0,0.0,0.0,0.075,0.0
SFNC,Simmons First National ,17.0,0.0,12.97872,72.0482,1.635
SHBI,Shore Bancshares ,10.3,0.0,19.16667,57.9493,1.2855
SMBC,Southern Missouri Bancorp ,11.3,0.0,12.44344,51.5736,2.5868
SNV,Synovus Financial .,15.4,0.0,8.73589,85.5152,-0.0386
SRCE,1st Source ,11.3,0.0,5.37313,72.1251,1.1159
STBA,S&T Bancorp ,10.9,0.0,-9.03226,70.0152,0.1951
STBI,Sturgis Bancorp ,0.0,0.0,0.0,0.0,0.0
TBBK,Bancorp  (The),12.8,0.0,35.48718,74.74,-0.7057
TCBI,Texas Capital Bancshares ,58.4,0.0,340.07812,99.5732,2.6901
TCBK,Tri Bancshares,11.5,0.0,-3.43831,65.4865,3.2719
THFF,First Financial ,12.2,0.0,34.325,75.6652,1.9995
TMP,Tompkins Financial ,12.7,0.0,12.05231,65.6862,2.3519
TOWN,TowneBank,15.8,0.0,21.42202,57.7126,3.4892
TRMK,Trustmark ,46.7,0.0,-7.02479,72.5538,1.3253
TRST,Trust Bank  NY,11.9,0.0,0.0,73.2018,4.0118
TSBK,Timberland Bancorp ,9.9,0.0,0.0,63.8493,-0.2199
TVNB,Turbotville National Bank/PA,0.0,0.0,0.0,0.0,0.0
TYCB,Taylor Calvin B Bankshares ,0.0,0.0,0.0,0.0,-100.0
TYFG,Tri-unty Financial Group ,0.0,0.0,0.0,2.5924,0.0
UBAB,United Bancorporation of Alabama ,0.0,0.0,0.0,5.8115,-6.3074
UBCP,United Bancorp ,10.4,0.0,19.68504,11.7201,20.8882
UBFO,United Security Bancshares,10.5,0.0,0.0,32.287,10.9952
UBOH,United Bancshares /OH,0.0,0.0,0.0,0.768,0.0
AUB,Atlantic Union Bankshares ,13.7,0.0,21.24088,93.6698,24.3219
UBSI,United Bankshares ,12.6,0.0,3.38182,69.1339,4.1702
UCB,United mmunity Banks ,13.7,0.0,5.95652,94.1899,5.6893
UMBF,UMB Financial ,11.3,0.0,4.24917,70.2759,2.104
UNB,Union Bankshares ,15.5,0.0,0.0,19.6419,19.1807
UNIB,University Bancorp ,0.0,0.0,0.0,0.0,0.0
UNTY,Unity Bancorp ,10.3,0.0,18.57143,49.7499,5.4694
FUSB,First US Bancshares ,10.1,0.0,0.0,17.4634,1.598
UNTN,United Tennessee Bankshares ,0.0,0.0,0.0,0.0,0.0
UVSP,Univest Financial ,11.3,0.0,-2.4031,77.9552,1.8192
UWHR,Uwharrie Capital ,6.7,0.0,0.0,0.0,0.0
VABK,Virginia National Bankshares ,11.7,0.0,0.0,0.0,0.5944
VLY,Valley National Bancorp,13.1,0.0,53.3871,0.0,16.7562
WABC,Westamerica Bancorporation,9.6,0.0,-16.05769,76.9545,0.8913
WASH,Washington Trust Bancorp ,0.0,0.0,-27.15405,66.6356,8.8389
WBS,Webster Financial ,11.8,0.0,9.47955,88.7141,2.5021
WNEB,Western New England Bancorp ,16.8,0.0,7.14286,57.36,0.9976
WAFD,WaFd ,13.2,0.0,-2.68,79.3427,1.2414
WSBC,WesBanco ,13.7,0.0,40.59829,72.8192,6.5049
WSFS,WSFS Financial ,11.9,0.0,1.73121,91.9268,2.137
WTBA,West Bancorporation ,13.9,0.0,10.73826,45.8386,1.2008
WTFC,Wintrust Financial .,11.1,0.0,0.49467,94.5056,4.5555
WVFC,WVS Financial .,0.0,0.0,0.0,0.0,-100.0
ZION,Zions Bancorporation National Association,10.2,0.0,6.34343,77.8563,2.9785
AX,Axos Financial .,8.8,0.0,-5.84856,82.736,-0.4753
MCHB,Mechanics Bank (The) (CA),0.0,0.0,0.0,0.7737,2.7972
PCB,PCB Bancorp,10.7,0.0,17.01149,38.6659,9.337
GSBX,Golden State Bancorp,0.0,0.0,0.0,0.0,0.0
BWFG,Bankwell Financial Group ,24.5,0.0,217.00855,38.1939,6.8719
LYBC,Lyons Bancorp ,9.0,0.0,0.0,0.0,0.0
FRSB,First Resources Bancorp ,0.0,0.0,0.0,0.4493,-12.8941
BCML,Baym ,12.2,0.0,9.52381,0.0,3.0868
EFSC,Enterprise Financial Services oration,11.2,0.0,1.65631,78.2416,2.1105
RWCB,Redwood Capital Bancorp,0.0,0.0,0.0,9.5301,0.0
SCZC,West ast mmunity Bancorp,0.0,0.0,0.0,7.6643,14.784
NIDB,Northeast Indiana Bancorp ,0.0,0.0,0.0,0.0,0.0
BFIN,BankFinancial ,38.8,0.0,115.15152,54.4523,3.939
WAL,Western Alliance Bancorporation,11.0,0.64627,22.30126,89.1941,0.1087
OTTW,Ottawa Bancorp ,0.0,0.0,0.0,0.0,0.0
SYBT,Stock Yards Bancorp ,17.8,0.0,7.7892,61.1379,3.3982
OPBK,OP Bancorp,8.7,0.0,4.60432,0.0,15.0106
MNSB,MainStreet Bancshares ,0.0,0.0,0.0,0.0,0.5094
FBIZ,First Business Financial Services ,9.2,0.0,4.63462,66.8703,4.7955
MGYR,Magyar Bancorp ,10.5,0.0,0.0,31.1345,-1.9266
FFBB,FFB Bancorp,7.3,0.0,0.0,0.3009,0.0
LSBK,Lake Shore Bancorp ,17.9,0.0,0.0,8.9105,-4.6905
TRVR,Two Rivers Financial Group ,0.0,0.0,0.0,0.0,0.0
HOMB,Home Bancshares ,14.1,0.0,8.10945,70.2294,2.8128
NECB,Northeast mmunity Bancorp ,6.7,0.0,-11.17318,47.7311,7.524
GBNY,Generations Bancorp NY ,0.0,0.0,0.0,9.2272,-68.3681
SSBI,Summit State Bank,0.0,0.0,0.0,36.0492,28.4567
LFGP,Ledyard Financial Group ,15.4,0.0,0.0,11.0836,-7.3503
ARBV,American Riviera Bancorp,0.0,0.0,0.0,7.7276,-11.3777
FRST,Primis Financial ,0.0,0.0,0.0,77.4114,1.4352
WSFGQ,WSB Financial Group ,0.0,0.0,0.0,0.0,0.0
PBNK,Pinnacle Bank (CA),0.0,0.0,0.0,5.1367,0.0
CARE,Carter Bankshares ,15.2,0.0,88.39623,47.4423,5.5005
ESSA,ESSA Bancorp ,10.9,0.0,0.0,46.3373,0.9697
TFSL,TFS Financial ,44.7,0.0,5.0,9.8805,2.2887
QNTO,Quaint Oak Bancorp ,0.0,0.0,0.0,0.0,0.0
LRBI,Lake Ridge Bancorp ,0.0,0.0,0.0,0.0,0.0
FFNW,First Financial Northwest ,188.3,0.0,131.66667,49.9305,5.3428
NFBK,Northfield Bancorp ,15.3,0.0,31.71875,56.4503,0.6283
CMUV,CMUV Bancorp,0.0,0.0,0.0,0.0,0.0
SFBC,Sound Financial Bancorp ,28.7,0.0,0.0,35.7078,0.6501
WMPN,William Penn Bancorp,0.0,0.0,0.0,28.6033,57.3654
BLHK,BlueHarbor Bank,0.0,0.0,0.0,3.5862,0.0
HBCP,Home Bancorp ,9.9,0.0,4.3956,45.9966,2.3793
FSFG,First Savings Financial Group ,9.5,0.0,23.73737,28.6066,2.2209
BKQNY,Bank of Queensland Ltd,0.0,0.0,0.0,0.0,0.0
GNRV,Grand River mmunications ,0.0,0.0,0.0,9.5897,0.0
TBNK,Territorial Bancorp ,0.0,0.0,0.0,45.5471,5.9164
CULL,Cullman Bancorp ,0.0,0.0,0.0,0.0,-100.0
FIBK,First Interstate BancSystem ,13.1,4.83541,12.73973,80.0845,2.9655
EMYB,Embassy Bancorp ,11.3,0.0,0.0,2.9036,0.1129
CTUY,Century Next Financial ,0.0,0.0,0.0,0.0,0.0
OFED,Oconee Federal Financial ,9.6,0.0,0.0,0.0,0.0
BKU,BankUnited ,11.2,0.0,5.45455,99.9499,-0.1135
JMSB,John Marshall Bancorp ,13.9,0.0,0.0,0.0,11.2836
MNMB,Merchants & Marine Bancorp ,0.0,0.0,0.0,0.0,0.0
IROQ,IF Bancorp ,26.9,0.0,0.0,29.16,7.1742
PBAM,Private Bancorp of America ,8.9,0.0,7.39837,8.2549,-4.7536
CUBI,Customers Bancorp ,10.1,0.0,6.14187,87.982,-2.4566
HMST,HomeStreet ,0.0,0.0,0.0,80.9522,3.8005
FSBW,FS Bancorp ,8.6,0.0,-4.58716,64.0317,1.8566
HTB,HomeTrust Bancshares ,10.7,0.0,-8.0,56.9585,-0.4415
UNIF,U & I Financial ,0.0,0.0,0.0,0.0621,100.0
NBHC,National Bank Holdings ,12.6,0.0,-0.12422,97.4113,-1.5626
WBBW,Westbury Bancorp ,0.0,0.0,0.0,0.0,0.0
NIC,Nicolet Bankshares ,13.7,0.0,7.49681,47.2245,4.0554
FVCB,FVCBankcorp ,13.0,0.0,28.04878,0.0,4.4839
CSHX,Cashmere Valley Bank,8.6,0.0,0.0,2.3498,-6.7088
FFMR,First Farmers Financial ,0.0,0.0,0.0,0.0,0.0
FRBA,First Bank,8.9,0.0,-1.1976,71.6182,-0.1924
SFBS,ServisFirst Bancshares ,19.8,0.0,24.75962,73.2226,2.3975
ISTR,Investar Holding ,8.5,0.0,-4.39153,63.6229,2.8469
CFG,Citizens Financial Group ,13.7,0.0,27.06271,94.4733,-0.466
VBTX,Veritex Holdings ,12.7,0.0,5.88517,90.2856,2.658
FFWM,First Foundation ,0.0,0.0,0.0,83.4002,15.6799
TFIN,Triumph Financial ,108.5,0.0,94.44444,92.3789,0.801
FNWB,First Northwest Bancorp,0.0,0.0,0.0,46.9343,-8.7845
CBWA,mmencement Bancorp ,0.0,0.0,0.0,5.3146,-20.8285
PMHG,Prime Meridian Holding ,0.0,0.0,0.0,10.5112,-3.5074
LOB,Live Oak Bancshares ,16.1,0.0,42.72189,67.1576,1.997
IBTN,Ins ,0.0,0.0,0.0,0.58,0.0
PVBC,Provident Bancorp ,26.8,0.0,63.48837,45.2591,-4.0773
BAFN,BayFirst Financial ,6.3,0.0,0.0,0.0,-3.458
SABK,South Atlantic Bancshares ,0.0,0.0,40.45802,4.8436,-3.4381
EQBK,Equity Bancshares ,9.9,0.0,-8.4,72.3955,19.2227
HONE,HarborOne Bancorp ,16.0,0.0,25.45455,58.1814,0.9577
MCBS,Metrocity Bankshares ,11.0,0.0,5.03968,0.0,3.139
BPRN,Princeton Bancorp ,19.9,0.0,21.80147,44.5866,2.9709
MSBI,Midland States Bancorp ,0.0,0.0,0.0,62.8638,2.334
SLBK,Skyline Bankshares ,0.0,0.0,0.0,0.0,0.0
FHB,First Hawaiian ,13.8,0.0,8.82682,99.2485,0.4555
FBK,FB Financial ,18.9,0.0,6.61765,66.0815,1.8126
MCBI,Mountain mmerce Bancorp ,0.0,0.0,0.0,10.8862,4.7994
VBNK,VersaBank,7.9,0.0,10.40268,33.3551,103.8757
ESQ,Esquire Financial Holdings ,14.4,0.0,7.45136,59.5118,5.2877
BY,Byline Bancorp ,9.8,0.0,-5.92727,44.838,4.1673
FFBW,FFBW ,0.0,0.0,0.0,0.0,0.0
RBB,RBB Bancorp,11.3,0.0,10.13605,47.9021,4.1333
COSO,astalSouth Bancshares ,0.0,0.0,0.0,3.8069,-6.4442
PPBB,Peoples Bancorp,0.0,0.0,0.0,0.0,0.0
PDLB,Ponce Financial Group ,27.9,0.0,-15.21739,47.9999,1.9606
MCB,Metropolitan Bank Holding ,9.5,0.0,10.79258,81.7185,2.6242
STEL,Stellar Bancorp ,12.9,0.0,-16.13636,57.5835,4.2928
MRBK,Meridian ,9.9,0.0,44.53782,59.1956,7.7857
CLBK,lumbia Financial ,0.0,0.0,0.0,12.7204,2.5207
SSBP,SSB Bancorp ,0.0,0.0,0.0,0.0,0.0
BWB,Bridgewater Bancshares ,13.6,0.0,28.43137,54.0303,10.6204
BFST,Business First Bancshares ,10.9,0.0,7.83133,46.3033,9.1815
OBK,Origin Bancorp ,14.0,0.0,24.32653,59.2555,4.4236
AMAL,Amalgamated Financial ,8.4,0.0,1.98276,59.5124,5.2262
MYFW,First Western Financial ,22.9,0.0,61.72414,60.2524,5.6226
CCB,astal Financial ,27.6,0.0,47.26154,74.1619,21.1088
CNBN,CNB Bank Shares ,0.0,0.0,0.0,0.0,0.0
AMTB,Amerant Bancorp ,0.0,0.0,41.56028,64.5214,8.9141
BSVN,Bank7 ,8.1,0.0,-15.55785,33.3032,48.102
CBNK,Capital Bancorp ,13.4,0.0,18.57143,35.8285,12.7373
SICPQ,Silvergate Capital oration,0.0,0.0,0.0,0.0004,0.0
BCOW,1895 Bancorp of Wisconsin ,0.0,0.0,0.0,31.7651,1.0765
RBKB,Rhinebeck Bancorp ,0.0,0.0,0.0,15.7821,5.0899
ALPIB,Alpine Banks of lorado,0.0,0.0,0.0,5.7605,-0.4214
RRBI,Red River Bancshares ,10.6,0.0,8.38384,24.429,3.199
SPFI,South Plains Financial ,11.3,0.0,-0.68493,38.2588,4.251
CNBB,CNB mmunity Bancorp ,0.0,0.0,0.0,3.0414,0.0
RMBI,Richmond Mutual Bancorporation ,13.8,0.0,0.0,22.2755,8.3748
FSEA,First Seacoast Bancorp ,0.0,0.0,0.0,25.0546,0.2622
PBFS,Pioneer Bancorp ,15.7,0.0,0.0,24.2191,-2.064
BOID,Bank of Idaho Holding ,0.0,0.0,0.0,0.0,0.0
HBT,HBT Financial ,9.9,0.0,2.61062,23.4386,1.2291
DSBX,Dogwood State Bank RALEIGH NC,0.0,0.0,0.0,0.8437,27.1657
MBLU,Morris St Bancshares ,0.0,0.0,0.0,0.0472,0.0
LUMB,Lumbee Guaranty Bank,0.0,0.0,0.0,0.0,0.0
PBNC,PB Financial ,0.0,0.0,0.0,0.0,0.0
BSBK,Bogota Financial ,0.0,0.0,0.0,7.8615,0.8828
LNKB,LINKBANCORP ,10.1,0.0,19.01408,0.0,6.0857
EBC,Eastern Bankshares ,25.0,0.0,40.37736,68.9653,3.5542
AFBI,Affinity Bancshares ,21.7,0.0,0.0,26.5967,17.567
CBTN,Citizens Bancorp Investment ,0.0,0.0,0.0,0.0,0.0
FSBC,Five Star Bancorp,12.3,0.0,15.9292,54.775,-0.3443
BLFY,Blue Foundry Bancorp,0.0,0.0,5.45455,51.268,-0.3993
PBBK,PB Bankshares ,21.2,0.0,0.0,11.5119,39.6986
TCBS,Texas mmunity Bancshares ,0.0,0.0,0.0,8.863,4.9009
TCBC,TC Bancshares ,0.0,0.0,0.0,2.174,-2.149
USCB,USCB Financial Holdings ,14.9,0.0,26.6129,62.8726,2.9168
SSBK,Southern States Bancshares ,9.9,0.0,4.05759,54.221,5.5569
FINW,Finwise Bancorp,18.3,0.0,20.75269,26.1107,4.7132
CLST,Catalyst Bancorp ,0.0,0.0,0.0,26.3797,23.5324
TCBX,Third ast Bancshares ,11.7,0.0,11.51079,51.8742,13.8614
CFSB,CFSB Bancorp ,0.0,0.0,0.0,1.4227,-14.6184
NSTS,NSTS Bancorp ,0.0,0.0,0.0,21.5119,9.2335
HNVR,Hanover Bancorp ,13.4,0.0,40.06024,21.1678,35.3417
ECBK,ECB Bancorp ,32.1,0.0,0.0,23.4708,0.0859
FSUN,FirstSun Capital Bancorp,13.6,0.0,13.00319,0.0,23.2704
SRBK,SR Bancorp ,241.8,0.0,0.0,24.1751,9.353
CPBI,Central Plains Bancshares ,14.8,0.0,0.0,24.0654,27.3708
PFSB,PFS Bancorp ,0.0,0.0,0.0,0.0,0.0
NBBK,NB Bancorp ,16.8,0.0,29.90654,43.2564,-3.7459
FDSB,Fifth District Bancorp ,0.0,0.0,0.0,20.9126,11.7661
CBNA,Chain Bridge Bancorp ,7.2,0.0,-41.48681,45.1694,100.0
FBLA,FB Bancorp ,0.0,0.0,0.0,18.2621,100.0
NPB,Northpointe Bancshares ,0.0,0.0,0.0,0.0,0.0
